{"5-10": {"5-10": {"wohg_hq1400": {"roc": 0.9384897077222596, "acc": 0.8813699942693378, "loss": 0.8992813947927986}, "fcnc": {"roc": 0.6269499674588528, "acc": 0.8857791379032467, "loss": 82.7530485563418}}, "250-500": {"wohg_hq1400": {"roc": 0.9799019171874275, "acc": 0.9703658782707151, "loss": 0.4643232852673922}, "fcnc": {"roc": 0.6136771152547155, "acc": 0.8427037370836173, "loss": 55.38549168615028}}, "25-50": {"wohg_hq1400": {"roc": 0.9785693833193125, "acc": 0.9657557934299331, "loss": 1.3837393073887807}, "fcnc": {"roc": 0.6130829078424319, "acc": 0.7120160137293634, "loss": 58.591784386518235}}, "100-200": {"wohg_hq1400": {"roc": 0.977581427945171, "acc": 0.9634948157532651, "loss": 0.7482762083703428}, "fcnc": {"roc": 0.6252117123299991, "acc": 0.8235755232097778, "loss": 54.2811996728587}}, "500-1000": {"wohg_hq1400": {"roc": 0.9784025357416545, "acc": 0.9676167356964884, "loss": 0.7748269446364928}, "fcnc": {"roc": 0.6030184634531538, "acc": 0.8351242042368074, "loss": 64.92580070118358}}, "50-100": {"wohg_hq1400": {"roc": 0.9823577832021683, "acc": 0.9790339122016744, "loss": 2.8976424875009843}, "fcnc": {"roc": 0.6116938722584688, "acc": 0.9546685405187367, "loss": 100.64417692430953}}, "10-20": {"wohg_hq1400": {"roc": 0.9671089718549176, "acc": 0.9455191994712657, "loss": 1.2197109659692782}, "fcnc": {"roc": 0.6372900531891994, "acc": 0.9184607017861964, "loss": 70.20829215424673}}}, "10-20": {"5-10": {"wohg_hq1400": {"roc": 0.946757968011485, "acc": 0.8968032774665933, "loss": 0.3021698429590557}, "fcnc": {"roc": 0.6443838815615163, "acc": 0.9014075136453251, "loss": 11.509875261786766}}, "250-500": {"wohg_hq1400": {"roc": 0.9833054761378792, "acc": 0.9758335104832045, "loss": 0.191031662328518}, "fcnc": {"roc": 0.6244983286254642, "acc": 0.8637070325466158, "loss": 8.998446012662118}}, "25-50": {"wohg_hq1400": {"roc": 0.9848866096170955, "acc": 0.9780250527795532, "loss": 0.24284639717920944}, "fcnc": {"roc": 0.6498681928331489, "acc": 0.7335045140809228, "loss": 10.227891710478882}}, "100-200": {"wohg_hq1400": {"roc": 0.9835427896803044, "acc": 0.9722021326517278, "loss": 0.20329042082979576}, "fcnc": {"roc": 0.6516104930771928, "acc": 0.8438804983256001, "loss": 11.047750660334108}}, "500-1000": {"wohg_hq1400": {"roc": 0.9818569608369719, "acc": 0.9739402918875215, "loss": 0.2420864166304702}, "fcnc": {"roc": 0.616709205971127, "acc": 0.8469501219370149, "loss": 9.08150708503842}}, "50-100": {"wohg_hq1400": {"roc": 0.9859001115008853, "acc": 0.983035792651176, "loss": 0.5212062120286398}, "fcnc": {"roc": 0.6218098544566971, "acc": 0.971993131310201, "loss": 16.10452189813844}}, "10-20": {"wohg_hq1400": {"roc": 0.9760355403277126, "acc": 0.9592843813562405, "loss": 0.16555403186302864}, "fcnc": {"roc": 0.6539408292138225, "acc": 0.9451466546898826, "loss": 10.849843912833324}}}, "25-50": {"5-10": {"wohg_hq1400": {"roc": 0.9555985408594192, "acc": 0.914474988441468, "loss": 0.2389338953641709}, "fcnc": {"roc": 0.6617511640089702, "acc": 0.9142039196300528, "loss": 3.0770671823509037}}, "250-500": {"wohg_hq1400": {"roc": 0.9860973394616495, "acc": 0.981789735851288, "loss": 0.09916151906060987}, "fcnc": {"roc": 0.6414538907669358, "acc": 0.946881177194269, "loss": 3.689812545374036}}, "25-50": {"wohg_hq1400": {"roc": 0.9885261582311632, "acc": 0.9847983081203018, "loss": 0.08016608837258536}, "fcnc": {"roc": 0.6966850236499047, "acc": 0.8519312243440162, "loss": 2.9709257949218153}}, "100-200": {"wohg_hq1400": {"roc": 0.9874187672456596, "acc": 0.9805420976151369, "loss": 0.08853896919853287}, "fcnc": {"roc": 0.6823564438873851, "acc": 0.9365700494138904, "loss": 3.154218587204814}}, "500-1000": {"wohg_hq1400": {"roc": 0.9867235976899986, "acc": 0.9824261069107056, "loss": 0.09942026603207342}, "fcnc": {"roc": 0.6359904612076583, "acc": 0.9285413087862647, "loss": 3.718766817068681}}, "50-100": {"wohg_hq1400": {"roc": 0.9890929436118319, "acc": 0.9875319772126939, "loss": 0.08137833469003089}, "fcnc": {"roc": 0.6297618730145073, "acc": 0.987961383609772, "loss": 5.214138795420528}}, "10-20": {"wohg_hq1400": {"roc": 0.9811000722853631, "acc": 0.9687284575907392, "loss": 0.1267456900445395}, "fcnc": {"roc": 0.6629510593554253, "acc": 0.9629658891950333, "loss": 3.620391296260059}}}, "50-100": {"5-10": {"wohg_hq1400": {"roc": 0.9559803860192526, "acc": 0.9151981031126134, "loss": 0.2288815976511687}, "fcnc": {"roc": 0.6664254919063254, "acc": 0.9252182317352299, "loss": 2.4513481222093105}}, "250-500": {"wohg_hq1400": {"roc": 0.9875351885841509, "acc": 0.9835359637810202, "loss": 0.08600923008355311}, "fcnc": {"roc": 0.6411998019686657, "acc": 0.9786581708526614, "loss": 3.296630094856024}}, "25-50": {"wohg_hq1400": {"roc": 0.9894972430692666, "acc": 0.9870525926747039, "loss": 0.06860657670907676}, "fcnc": {"roc": 0.7200518833260484, "acc": 0.918998043442071, "loss": 2.3263257281035186}}, "100-200": {"wohg_hq1400": {"roc": 0.9873806066328658, "acc": 0.9809290441939411, "loss": 0.08254758409073111}, "fcnc": {"roc": 0.6815727231124753, "acc": 0.9685506893707733, "loss": 2.8309383870363236}}, "500-1000": {"wohg_hq1400": {"roc": 0.987690301920215, "acc": 0.9840407326013906, "loss": 0.0832231056044111}, "fcnc": {"roc": 0.6381338628344961, "acc": 0.9702428284634643, "loss": 3.2659980643093585}}, "50-100": {"wohg_hq1400": {"roc": 0.9898092793365917, "acc": 0.9893898237789368, "loss": 0.0720154002942145}, "fcnc": {"roc": 0.6319884797668548, "acc": 0.989836035614013, "loss": 4.225791881769895}}, "10-20": {"wohg_hq1400": {"roc": 0.9815225898430323, "acc": 0.9693855899092727, "loss": 0.11660610433574765}, "fcnc": {"roc": 0.6645726081861113, "acc": 0.9673104380663711, "loss": 3.032025515124202}}}, "100-200": {"5-10": {"wohg_hq1400": {"roc": 0.9588508230938484, "acc": 0.9209407441202807, "loss": 0.21822628562152385}, "fcnc": {"roc": 0.6697836867364589, "acc": 0.9237288502502427, "loss": 2.206010970532894}}, "250-500": {"wohg_hq1400": {"roc": 0.9884520537580973, "acc": 0.9855777761477514, "loss": 0.08175714502297342}, "fcnc": {"roc": 0.6353791690654991, "acc": 0.982889806976318, "loss": 3.149255130529404}}, "25-50": {"wohg_hq1400": {"roc": 0.990120003686895, "acc": 0.9880523114231655, "loss": 0.06342844662209973}, "fcnc": {"roc": 0.7185958793039969, "acc": 0.9564925183105476, "loss": 2.2456398211121558}}, "100-200": {"wohg_hq1400": {"roc": 0.9874945434861502, "acc": 0.9809540688578282, "loss": 0.079840406822972}, "fcnc": {"roc": 0.6793065931926916, "acc": 0.9765834892561625, "loss": 2.6362913386821747}}, "500-1000": {"wohg_hq1400": {"roc": 0.9886170418927981, "acc": 0.9858940208725706, "loss": 0.07792251343745739}, "fcnc": {"roc": 0.6344425890340367, "acc": 0.9762950596618658, "loss": 3.0524334465265275}}, "50-100": {"wohg_hq1400": {"roc": 0.9896649071567205, "acc": 0.9891814611380437, "loss": 0.0681182359457016}, "fcnc": {"roc": 0.6298556711697271, "acc": 0.9907098107910159, "loss": 3.985463359057903}}, "10-20": {"wohg_hq1400": {"roc": 0.9826587228590042, "acc": 0.9718983571661091, "loss": 0.10637910404056311}, "fcnc": {"roc": 0.6681532318911788, "acc": 0.9731812475132298, "loss": 2.722496302008629}}}, "250-500": {"5-10": {"wohg_hq1400": {"roc": 0.9590574177697063, "acc": 0.9210520190205291, "loss": 0.21383494641631842}, "fcnc": {"roc": 0.6735726962220734, "acc": 0.9307685437011719, "loss": 2.052839812338352}}, "250-500": {"wohg_hq1400": {"roc": 0.9883115626247289, "acc": 0.985876830103257, "loss": 0.07682129993103444}, "fcnc": {"roc": 0.6359033145395031, "acc": 0.9854546401977536, "loss": 2.7503987711668016}}, "25-50": {"wohg_hq1400": {"roc": 0.9905781508203141, "acc": 0.9885917255581126, "loss": 0.05930765307042748}, "fcnc": {"roc": 0.7150664113162131, "acc": 0.969657777099609, "loss": 2.1869368907809257}}, "100-200": {"wohg_hq1400": {"roc": 0.9883959072813507, "acc": 0.983000546578799, "loss": 0.07403241284657269}, "fcnc": {"roc": 0.675203465531316, "acc": 0.9786995864273668, "loss": 2.5334881862998007}},